{"context":[{"modifier":"-token","context":"Designed for rapid token calculation without extra text, optimized for efficient token analysis."},{"modifier":"-listmodifiers","context":"Created to list all active modifiers for easy reference and management."},{"modifier":"-update","context":"Ensures the schema remains synchronized with the latest changes, preventing outdated information."},{"modifier":"-export","context":"Allows exporting the schema and glossary for external use or backup."},{"modifier":"-exportschema","context":"Dedicated schema export for focused version control."},{"modifier":"-exportcontext","context":"Exports the context details for modifiers as a JSON file."},{"modifier":"-exportglossary","context":"Allows for glossary export independently of the schema."},{"modifier":"-exportupdatelog","context":"Maintains a text log of all schema and modifier updates."},{"modifier":"-algorithm(ccg)","context":"Supports complex prompt analysis and creative idea generation through combinatory creation."},{"modifier":"-algorithm(ncsa)","context":"Designed for nested context synergy, enabling complex context layering."},{"modifier":"-algorithm(lfa)","context":"Optimized for iterative improvement through feedback loops."},{"modifier":"-algorithm(mmg)","context":"Generates optimized outputs using a matrix of modifiers for advanced control."},{"modifier":"-algorithm(random)","context":"Provides flexibility by randomly applying one of the defined algorithms."}]}

