{"glossary":[{"modifier":"-token","definition":"Generates a response and token count in the format input|output|ratio without extra text."},{"modifier":"-listmodifiers","definition":"Lists all active custom modifiers in the schema."},{"modifier":"-update","definition":"Synchronizes the schema with the latest changes."},{"modifier":"-export","definition":"Exports the current schema and glossary as JSON files."},{"modifier":"-exportschema","definition":"Exports the schema as a JSON file."},{"modifier":"-exportcontext","definition":"Exports the context as a JSON file."},{"modifier":"-exportglossary","definition":"Exports the glossary as a JSON file."},{"modifier":"-exportupdatelog","definition":"Exports the update log as a text file."},{"modifier":"-algorithm(ccg)","definition":"Combinatory Creation Generation algorithm for complex analysis and idea generation."},{"modifier":"-algorithm(ncsa)","definition":"Nested Context Synergy Association for layered context creation."},{"modifier":"-algorithm(lfa)","definition":"Looping Feedback Algorithm for iterative improvement."},{"modifier":"-algorithm(mmg)","definition":"Modifier Matrix Generation for structured output optimization."},{"modifier":"-algorithm(random)","definition":"Randomly applies one of the defined algorithms."}]}

